Page,Viewport Meta,Hamburger Menu,Media Queries,Breakpoints,Fixed Widths,overflow-x hidden,Tiny Fonts,Inline Styles
about.html,Yes,Yes,4,480;600;768;1200,1200px,Yes,No,8
article-12-ways-to-fail.html,Yes,Yes,2,768;800;1200,1200px;800px,Yes,No,5
article-aspa-plus-launch.html,Yes,Yes,2,768;800;1200,1200px;800px,Yes,No,7
article-best-presses.html,Yes,Yes,2,768;800;1200,1200px;800px,Yes,No,5
article-coat-and-expose.html,Yes,Yes,2,768;800;1200,1200px;800px,Yes,No,5
article-common-mistakes.html,Yes,Yes,2,768;800;1200,1200px;800px,Yes,No,5
article-equipment-guide.html,Yes,No,2,600;768;800;1200;1400,1200px;800px;1400px,Yes,No,8
article-essential-supplies.html,Yes,Yes,2,768;800;1200,1200px;800px,Yes,No,5
article-garage-safety.html,Yes,Yes,2,768;800;1200,1200px;800px,Yes,No,5
article-ghosting-staining.html,Yes,Yes,2,768;800;1200,1200px;800px,Yes,No,6
article-home-based-business.html,Yes,Yes,2,768;800;1200,1200px;800px,Yes,No,5
article-how-to-screen-print.html,Yes,Yes,2,768;800;1200,1200px;800px,Yes,No,5
article-mesh-counts.html,Yes,Yes,2,768;800;1200,1200px;800px,Yes,No,5
article-plastisol-vs-water-based.html,Yes,Yes,2,768;800;1200,1200px;800px,Yes,No,5
article-pricing-guide.html,Yes,No,4,768;800;1024;1200,1200px;800px;1024px,Yes,No,15
article-screen-print-vs-dtg.html,Yes,Yes,2,768;800;1200,1200px;800px,Yes,No,5
article-startup-costs.html,Yes,Yes,2,768;800;1200,1200px;800px,Yes,No,5
article-sublimation-printing.html,Yes,Yes,2,768;800;1200,1200px;800px,Yes,No,5
article-what-is-screen-printing.html,Yes,Yes,2,768;800;1200,1200px;800px,Yes,No,5
certified-roster.html,Yes,Yes,2,600;700;768;1200,1200px,Yes,Yes,17
contact.html,Yes,Yes,6,600;768;1200,1200px,Yes,No,5
dashboard.html,Yes,Yes,2,768;1024;1400,1024px;1400px,Yes,No,2
directory.html,Yes,Yes,4,600;700;768;1200,1200px,Yes,No,7
discounts.html,Yes,Yes,6,600;640;768;1024;1200;1400,1200px;1024px;1400px,No,No,7
education.html,Yes,Yes,2,50;500;1000;1024;1200;1400,1200px;1000px;1024px;1400px,No,No,7
exam.html,Yes,No,1,60;200;500;620;680;700;768;1200,1200px,No,No,22
index.html,Yes,Yes,8,300;550;560;600;640;768;800;1024;1200,1200px;800px;1024px,Yes,No,42
join.html,Yes,Yes,2,450;480;650;700;768;900;1024;1200,900px;1200px;1024px,No,No,73
login.html,Yes,Yes,2,480;768;1400,1400px,Yes,No,1
privacy.html,Yes,Yes,12,768;800;900;1200,900px;1200px;800px,No,No,6
resources.html,Yes,Yes,2,600;700;768;1200,1200px,Yes,Yes,7
terms.html,Yes,Yes,0,1200,1200px,Yes,No,6
